{"Bez1X":229.0,"Bez1Y":0.0,"Bez2X":450.0,"Bez2Y":112.5}
{"Bez1X":231.1256380005,"Bez1Y":0.2875636846,"Bez2X":450.1670213029,"Bez2Y":114.1163085564}
{"Bez1X":233.2410226147,"Bez1Y":0.5779330556,"Bez2X":450.3211378173,"Bez2Y":115.7220011338}
{"Bez1X":235.3461538427,"Bez1Y":0.8711081129,"Bez2X":450.4623495432,"Bez2Y":117.3170777322}
{"Bez1X":237.4410316845,"Bez1Y":1.1670888565,"Bez2X":450.5906564804,"Bez2Y":118.9015383516}
{"Bez1X":239.52565614,"Bez1Y":1.4658752865,"Bez2X":450.7060586292,"Bez2Y":120.4753829919}
{"Bez1X":241.6000272093,"Bez1Y":1.7674674029,"Bez2X":450.8085559893,"Bez2Y":122.0386116532}
{"Bez1X":243.6641448924,"Bez1Y":2.0718652056,"Bez2X":450.8981485609,"Bez2Y":123.5912243355}
{"Bez1X":245.7180091893,"Bez1Y":2.3790686947,"Bez2X":450.974836344,"Bez2Y":125.1332210387}
{"Bez1X":247.7616200999,"Bez1Y":2.6890778701,"Bez2X":451.0386193385,"Bez2Y":126.664601763}
{"Bez1X":249.7949776243,"Bez1Y":3.0018927318,"Bez2X":451.0894975445,"Bez2Y":128.1853665082}
{"Bez1X":251.8180817625,"Bez1Y":3.3175132799,"Bez2X":451.1274709619,"Bez2Y":129.6955152744}
{"Bez1X":253.8309325144,"Bez1Y":3.6359395144,"Bez2X":451.1525395907,"Bez2Y":131.1950480616}
{"Bez1X":255.8335298801,"Bez1Y":3.9571714352,"Bez2X":451.164703431,"Bez2Y":132.6839648697}
{"Bez1X":257.8258738596,"Bez1Y":4.2812090423,"Bez2X":451.1639624828,"Bez2Y":134.1622656988}
{"Bez1X":259.8079644529,"Bez1Y":4.6080523358,"Bez2X":451.150316746,"Bez2Y":135.6299505489}
{"Bez1X":261.7798016599,"Bez1Y":4.9377013157,"Bez2X":451.1237662206,"Bez2Y":137.08701942}
{"Bez1X":263.7413854807,"Bez1Y":5.2701559819,"Bez2X":451.0843109067,"Bez2Y":138.5334723121}
{"Bez1X":265.6927159153,"Bez1Y":5.6054163344,"Bez2X":451.0319508042,"Bez2Y":139.9693092251}
{"Bez1X":267.6337929636,"Bez1Y":5.9434823733,"Bez2X":450.9666859132,"Bez2Y":141.3945301591}
{"Bez1X":269.5646166257,"Bez1Y":6.2843540985,"Bez2X":450.8885162336,"Bez2Y":142.8091351141}
{"Bez1X":271.4851869016,"Bez1Y":6.6280315101,"Bez2X":450.7974417655,"Bez2Y":144.2131240901}
{"Bez1X":273.3955037913,"Bez1Y":6.9745146081,"Bez2X":450.6934625088,"Bez2Y":145.606497087}
{"Bez1X":275.2955672947,"Bez1Y":7.3238033924,"Bez2X":450.5765784636,"Bez2Y":146.989254105}
{"Bez1X":277.1853774119,"Bez1Y":7.675897863,"Bez2X":450.4467896298,"Bez2Y":148.3613951439}
{"Bez1X":279.0649341429,"Bez1Y":8.03079802,"Bez2X":450.3040960075,"Bez2Y":149.7229202037}
{"Bez1X":280.9342374876,"Bez1Y":8.3885038633,"Bez2X":450.1484975966,"Bez2Y":151.0738292846}
{"Bez1X":282.7932874461,"Bez1Y":8.749015393,"Bez2X":449.9799943972,"Bez2Y":152.4141223864}
{"Bez1X":284.6420840184,"Bez1Y":9.1123326091,"Bez2X":449.7985864092,"Bez2Y":153.7437995092}
{"Bez1X":286.4806272045,"Bez1Y":9.4784555114,"Bez2X":449.6042736326,"Bez2Y":155.062860653}
{"Bez1X":288.3089170043,"Bez1Y":9.8473841002,"Bez2X":449.3970560675,"Bez2Y":156.3713058178}
{"Bez1X":290.1269534179,"Bez1Y":10.2191183753,"Bez2X":449.1769337138,"Bez2Y":157.6691350035}
{"Bez1X":291.9347364453,"Bez1Y":10.5936583367,"Bez2X":448.9439065716,"Bez2Y":158.9563482102}
{"Bez1X":293.7322660864,"Bez1Y":10.9710039845,"Bez2X":448.6979746409,"Bez2Y":160.2329454379}
{"Bez1X":295.5195423413,"Bez1Y":11.3511553186,"Bez2X":448.4391379216,"Bez2Y":161.4989266866}
{"Bez1X":297.29656521,"Bez1Y":11.7341123391,"Bez2X":448.1673964137,"Bez2Y":162.7542919562}
{"Bez1X":299.0633346925,"Bez1Y":12.1198750459,"Bez2X":447.8827501173,"Bez2Y":163.9990412469}
{"Bez1X":300.8198507887,"Bez1Y":12.5084434391,"Bez2X":447.5851990323,"Bez2Y":165.2331745585}
{"Bez1X":302.5661134987,"Bez1Y":12.8998175186,"Bez2X":447.2747431588,"Bez2Y":166.456691891}
{"Bez1X":304.3021228225,"Bez1Y":13.2939972845,"Bez2X":446.9513824967,"Bez2Y":167.6695932446}
{"Bez1X":306.02787876,"Bez1Y":13.6909827367,"Bez2X":446.6151170461,"Bez2Y":168.8718786191}
{"Bez1X":307.7433813113,"Bez1Y":14.0907738753,"Bez2X":446.2659468069,"Bez2Y":170.0635480146}
{"Bez1X":309.4486304764,"Bez1Y":14.4933707002,"Bez2X":445.9038717791,"Bez2Y":171.2446014311}
{"Bez1X":311.1436262552,"Bez1Y":14.8987732115,"Bez2X":445.5288919628,"Bez2Y":172.4150388686}
{"Bez1X":312.8283686479,"Bez1Y":15.3069814091,"Bez2X":445.141007358,"Bez2Y":173.574860327}
{"Bez1X":314.5028576543,"Bez1Y":15.7179952931,"Bez2X":444.7402179646,"Bez2Y":174.7240658065}
{"Bez1X":316.1670932744,"Bez1Y":16.1318148634,"Bez2X":444.3265237826,"Bez2Y":175.8626553069}
{"Bez1X":317.8210755084,"Bez1Y":16.54844012,"Bez2X":443.8999248121,"Bez2Y":176.9906288282}
{"Bez1X":319.4648043561,"Bez1Y":16.9678710631,"Bez2X":443.4604210531,"Bez2Y":178.1079863706}
{"Bez1X":321.0982798176,"Bez1Y":17.3901076924,"Bez2X":443.0080125055,"Bez2Y":179.2147279339}
{"Bez1X":322.7215018928,"Bez1Y":17.8151500081,"Bez2X":442.5426991693,"Bez2Y":180.3108535182}
{"Bez1X":324.3344705818,"Bez1Y":18.2429980102,"Bez2X":442.0644810446,"Bez2Y":181.3963631235}
{"Bez1X":325.9371858846,"Bez1Y":18.6736516986,"Bez2X":441.5733581313,"Bez2Y":182.4712567498}
{"Bez1X":327.5296478012,"Bez1Y":19.1071110734,"Bez2X":441.0693304295,"Bez2Y":183.535534397}
{"Bez1X":329.1118563316,"Bez1Y":19.5433761345,"Bez2X":440.5523979391,"Bez2Y":184.5891960652}
{"Bez1X":330.6838114757,"Bez1Y":19.9824468819,"Bez2X":440.0225606602,"Bez2Y":185.6322417544}
{"Bez1X":332.2455132335,"Bez1Y":20.4243233158,"Bez2X":439.4798185927,"Bez2Y":186.6646714646}
{"Bez1X":333.7969616052,"Bez1Y":20.8690054359,"Bez2X":438.9241717367,"Bez2Y":187.6864851957}
{"Bez1X":335.3381565906,"Bez1Y":21.3164932424,"Bez2X":438.3556200921,"Bez2Y":188.6976829478}
{"Bez1X":336.8690981898,"Bez1Y":21.7667867353,"Bez2X":437.7741636589,"Bez2Y":189.6982647209}
{"Bez1X":338.3897864028,"Bez1Y":22.2198859145,"Bez2X":437.1798024372,"Bez2Y":190.688230515}
{"Bez1X":339.9002212295,"Bez1Y":22.67579078,"Bez2X":436.572536427,"Bez2Y":191.6675803301}
{"Bez1X":341.40040267,"Bez1Y":23.1345013319,"Bez2X":435.9523656282,"Bez2Y":192.6363141661}
{"Bez1X":342.8903307243,"Bez1Y":23.5960175702,"Bez2X":435.3192900408,"Bez2Y":193.5944320231}
{"Bez1X":344.3700053924,"Bez1Y":24.0603394948,"Bez2X":434.6733096649,"Bez2Y":194.5419339011}
{"Bez1X":345.8394266742,"Bez1Y":24.5274671057,"Bez2X":434.0144245005,"Bez2Y":195.4788198001}
{"Bez1X":347.2985945698,"Bez1Y":24.997400403,"Bez2X":433.3426345474,"Bez2Y":196.40508972}
{"Bez1X":348.7475090791,"Bez1Y":25.4701393867,"Bez2X":432.6579398059,"Bez2Y":197.3207436609}
{"Bez1X":350.1861702023,"Bez1Y":25.9456840567,"Bez2X":431.9603402758,"Bez2Y":198.2257816228}
{"Bez1X":351.6145779392,"Bez1Y":26.424034413,"Bez2X":431.2498359571,"Bez2Y":199.1202036057}
{"Bez1X":353.0327322899,"Bez1Y":26.9051904557,"Bez2X":430.5264268499,"Bez2Y":200.0040096095}
{"Bez1X":354.4406332543,"Bez1Y":27.3891521848,"Bez2X":429.7901129541,"Bez2Y":200.8771996344}
{"Bez1X":355.8382808325,"Bez1Y":27.8759196002,"Bez2X":429.0408942697,"Bez2Y":201.7397736802}
{"Bez1X":357.2256750245,"Bez1Y":28.3654927019,"Bez2X":428.2787707969,"Bez2Y":202.591731747}
{"Bez1X":358.6028158303,"Bez1Y":28.85787149,"Bez2X":427.5037425354,"Bez2Y":203.4330738347}
{"Bez1X":359.9697032498,"Bez1Y":29.3530559644,"Bez2X":426.7158094854,"Bez2Y":204.2637999435}
{"Bez1X":361.3263372831,"Bez1Y":29.8510461252,"Bez2X":425.9149716469,"Bez2Y":205.0839100732}
{"Bez1X":362.6727179302,"Bez1Y":30.3518419724,"Bez2X":425.1012290198,"Bez2Y":205.8934042239}
{"Bez1X":364.0088451911,"Bez1Y":30.8554435058,"Bez2X":424.2745816041,"Bez2Y":206.6922823955}
{"Bez1X":365.3347190657,"Bez1Y":31.3618507257,"Bez2X":423.4350293999,"Bez2Y":207.4805445882}
{"Bez1X":366.6503395541,"Bez1Y":31.8710636319,"Bez2X":422.5825724072,"Bez2Y":208.2581908018}
{"Bez1X":367.9557066563,"Bez1Y":32.3830822244,"Bez2X":421.7172106259,"Bez2Y":209.0252210364}
{"Bez1X":369.2508203722,"Bez1Y":32.8979065033,"Bez2X":420.838944056,"Bez2Y":209.781635292}
{"Bez1X":370.5356807019,"Bez1Y":33.4155364685,"Bez2X":419.9477726976,"Bez2Y":210.5274335685}
{"Bez1X":371.8102876454,"Bez1Y":33.9359721201,"Bez2X":419.0436965506,"Bez2Y":211.262615866}
{"Bez1X":373.0746412026,"Bez1Y":34.459213458,"Bez2X":418.1267156151,"Bez2Y":211.9871821846}
{"Bez1X":374.3287413736,"Bez1Y":34.9852604823,"Bez2X":417.196829891,