{"Bez1X":229.0,"Bez1Y":0.0,"Bez2X":450.0,"Bez2Y":112.5}
{"Bez1X":231.1355268806,"Bez1Y":-0.190154289,"Bez2X":450.0911124623,"Bez2Y":114.0958525502}
{"Bez1X":233.2607004874,"Bez1Y":-0.3726774576,"Bez2X":450.170086892,"Bez2Y":115.6812957477}
{"Bez1X":235.3755208202,"Bez1Y":-0.5475695058,"Bez2X":450.2369232891,"Bez2Y":117.2563295925}
{"Bez1X":237.4799878791,"Bez1Y":-0.7148304336,"Bez2X":450.2916216537,"Bez2Y":118.8209540846}
{"Bez1X":239.5741016641,"Bez1Y":-0.8744602409,"Bez2X":450.3341819856,"Bez2Y":120.375169224}
{"Bez1X":241.6578621752,"Bez1Y":-1.0264589278,"Bez2X":450.364604285,"Bez2Y":121.9189750108}
{"Bez1X":243.7312694124,"Bez1Y":-1.1708264943,"Bez2X":450.3828885518,"Bez2Y":123.4523714448}
{"Bez1X":245.7943233757,"Bez1Y":-1.3075629403,"Bez2X":450.389034786,"Bez2Y":124.9753585261}
{"Bez1X":247.847024065,"Bez1Y":-1.436668266,"Bez2X":450.3830429876,"Bez2Y":126.4879362547}
{"Bez1X":249.8893714805,"Bez1Y":-1.5581424711,"Bez2X":450.3649131566,"Bez2Y":127.9901046307}
{"Bez1X":251.9213656221,"Bez1Y":-1.6719855559,"Bez2X":450.334645293,"Bez2Y":129.4818636539}
{"Bez1X":253.9430064897,"Bez1Y":-1.7781975203,"Bez2X":450.2922393969,"Bez2Y":130.9632133244}
{"Bez1X":255.9542940835,"Bez1Y":-1.8767783642,"Bez2X":450.2376954681,"Bez2Y":132.4341536423}
{"Bez1X":257.9552284033,"Bez1Y":-1.9677280877,"Bez2X":450.1710135068,"Bez2Y":133.8946846074}
{"Bez1X":259.9458094493,"Bez1Y":-2.0510466907,"Bez2X":450.0921935129,"Bez2Y":135.3448062198}
{"Bez1X":261.9260372213,"Bez1Y":-2.1267341734,"Bez2X":450.0012354864,"Bez2Y":136.7845184796}
{"Bez1X":263.8959117194,"Bez1Y":-2.1947905356,"Bez2X":449.8981394273,"Bez2Y":138.2138213866}
{"Bez1X":265.8554329436,"Bez1Y":-2.2552157774,"Bez2X":449.7829053356,"Bez2Y":139.632714941}
{"Bez1X":267.8046008939,"Bez1Y":-2.3080098987,"Bez2X":449.6555332114,"Bez2Y":141.0411991426}
{"Bez1X":269.7434155703,"Bez1Y":-2.3531728997,"Bez2X":449.5160230545,"Bez2Y":142.4392739916}
{"Bez1X":271.6718769728,"Bez1Y":-2.3907047802,"Bez2X":449.3643748651,"Bez2Y":143.8269394878}
{"Bez1X":273.5899851014,"Bez1Y":-2.4206055403,"Bez2X":449.200588643,"Bez2Y":145.2041956314}
{"Bez1X":275.4977399561,"Bez1Y":-2.4428751799,"Bez2X":449.0246643884,"Bez2Y":146.5710424222}
{"Bez1X":277.3951415368,"Bez1Y":-2.4575136991,"Bez2X":448.8366021012,"Bez2Y":147.9274798604}
{"Bez1X":279.2821898437,"Bez1Y":-2.464521098,"Bez2X":448.6364017814,"Bez2Y":149.2735079459}
{"Bez1X":281.1588848766,"Bez1Y":-2.4638973763,"Bez2X":448.4240634291,"Bez2Y":150.6091266786}
{"Bez1X":283.0252266357,"Bez1Y":-2.4556425343,"Bez2X":448.1995870441,"Bez2Y":151.9343360587}
{"Bez1X":284.8812151208,"Bez1Y":-2.4397565718,"Bez2X":447.9629726266,"Bez2Y":153.2491360861}
{"Bez1X":286.7268503321,"Bez1Y":-2.4162394889,"Bez2X":447.7142201764,"Bez2Y":154.5535267608}
{"Bez1X":288.5621322694,"Bez1Y":-2.3850912856,"Bez2X":447.4533296937,"Bez2Y":155.8475080828}
{"Bez1X":290.3870609328,"Bez1Y":-2.3463119618,"Bez2X":447.1803011784,"Bez2Y":157.131080052}
{"Bez1X":292.2016363223,"Bez1Y":-2.2999015176,"Bez2X":446.8951346305,"Bez2Y":158.4042426686}
{"Bez1X":294.0058584379,"Bez1Y":-2.245859953,"Bez2X":446.59783005,"Bez2Y":159.6669959325}
{"Bez1X":295.7997272796,"Bez1Y":-2.184187268,"Bez2X":446.2883874369,"Bez2Y":160.9193398437}
{"Bez1X":297.5832428474,"Bez1Y":-2.1148834625,"Bez2X":445.9668067913,"Bez2Y":162.1612744022}
{"Bez1X":299.3564051413,"Bez1Y":-2.0379485367,"Bez2X":445.633088113,"Bez2Y":163.392799608}
{"Bez1X":301.1192141613,"Bez1Y":-1.9533824903,"Bez2X":445.2872314022,"Bez2Y":164.6139154611}
{"Bez1X":302.8716699073,"Bez1Y":-1.8611853236,"Bez2X":444.9292366588,"Bez2Y":165.8246219615}
{"Bez1X":304.6137723795,"Bez1Y":-1.7613570364,"Bez2X":444.5591038828,"Bez2Y":167.0249191092}
{"Bez1X":306.3455215777,"Bez1Y":-1.6538976288,"Bez2X":444.1768330742,"Bez2Y":168.2148069042}
{"Bez1X":308.0669175021,"Bez1Y":-1.5388071008,"Bez2X":443.782424233,"Bez2Y":169.3942853465}
{"Bez1X":309.7779601525,"Bez1Y":-1.4160854524,"Bez2X":443.3758773592,"Bez2Y":170.5633544361}
{"Bez1X":311.4786495291,"Bez1Y":-1.2857326835,"Bez2X":442.9571924529,"Bez2Y":171.722014173}
{"Bez1X":313.1689856317,"Bez1Y":-1.1477487942,"Bez2X":442.5263695139,"Bez2Y":172.8702645573}
{"Bez1X":314.8489684604,"Bez1Y":-1.0021337845,"Bez2X":442.0834085424,"Bez2Y":174.0081055888}
{"Bez1X":316.5185980152,"Bez1Y":-0.8488876544,"Bez2X":441.6283095383,"Bez2Y":175.1355372676}
{"Bez1X":318.1778742961,"Bez1Y":-0.6880104038,"Bez2X":441.1610725016,"Bez2Y":176.2525595937}
{"Bez1X":319.8267973031,"Bez1Y":-0.5195020328,"Bez2X":440.6816974323,"Bez2Y":177.3591725672}
{"Bez1X":321.4653670362,"Bez1Y":-0.3433625413,"Bez2X":440.1901843304,"Bez2Y":178.4553761879}
{"Bez1X":323.0935834954,"Bez1Y":-0.1595919295,"Bez2X":439.686533196,"Bez2Y":179.5411704559}
{"Bez1X":324.7114466806,"Bez1Y":0.0318098028,"Bez2X":439.1707440289,"Bez2Y":180.6165553713}
{"Bez1X":326.318956592,"Bez1Y":0.2308426555,"Bez2X":438.6428168293,"Bez2Y":181.6815309339}
{"Bez1X":327.9161132295,"Bez1Y":0.4375066286,"Bez2X":438.102751597,"Bez2Y":182.7360971438}
{"Bez1X":329.502916593,"Bez1Y":0.6518017222,"Bez2X":437.5505483322,"Bez2Y":183.7802540011}
{"Bez1X":331.0793666827,"Bez1Y":0.8737279362,"Bez2X":436.9862070348,"Bez2Y":184.8140015056}
{"Bez1X":332.6454634984,"Bez1Y":1.1032852706,"Bez2X":436.4097277048,"Bez2Y":185.8373396575}
{"Bez1X":334.2012070402,"Bez1Y":1.3404737254,"Bez2X":435.8211103423,"Bez2Y":186.8502684566}
{"Bez1X":335.7465973081,"Bez1Y":1.5852933007,"Bez2X":435.2203549471,"Bez2Y":187.8527879031}
{"Bez1X":337.2816343022,"Bez1Y":1.8377439964,"Bez2X":434.6074615194,"Bez2Y":188.8448979968}
{"Bez1X":338.8063180223,"Bez1Y":2.0978258125,"Bez2X":433.982430059,"Bez2Y":189.8265987379}
{"Bez1X":340.3206484685,"Bez1Y":2.365538749,"Bez2X":433.3452605661,"Bez2Y":190.7978901263}
{"Bez1X":341.8246256408,"Bez1Y":2.640882806,"Bez2X":432.6959530406,"Bez2Y":191.7587721619}
{"Bez1X":343.3182495392,"Bez1Y":2.9238579834,"Bez2X":432.0345074825,"Bez2Y":192.7092448449}
{"Bez1X":344.8015201636,"Bez1Y":3.2144642812,"Bez2X":431.3609238918,"Bez2Y":193.6493081752}
{"Bez1X":346.2744375142,"Bez1Y":3.5127016995,"Bez2X":430.6752022685,"Bez2Y":194.5789621527}
{"Bez1X":347.7370015909,"Bez1Y":3.8185702381,"Bez2X":429.9773426127,"Bez2Y":195.4982067776}
{"Bez1X":349.1892123936,"Bez1Y":4.1320698972,"Bez2X":429.2673449242,"Bez2Y":196.4070420498}
{"Bez1X":350.6310699225,"Bez1Y":4.4532006768,"Bez2X":428.5452092032,"Bez2Y":197.3054679693}
{"Bez1X":352.0625741774,"Bez1Y":4.7819625767,"Bez2X":427.8109354496,"Bez2Y":198.1934845361}
{"Bez1X":353.4837251585,"Bez1Y":5.1183555971,"Bez2X":427.0645236634,"Bez2Y":199.0710917501}
{"Bez1X":354.8945228656,"Bez1Y":5.4623797379,"Bez2X":426.3059738446,"Bez2Y":199.9382896115}
{"Bez1X":356.2949672988,"Bez1Y":5.8140349991,"Bez2X":425.5352859932,"Bez2Y":200.7950781202}
{"Bez1X":357.6850584581,"Bez1Y":6.1733213808,"Bez2X":424.7524601092,"Bez2Y":201.6414572762}
{"Bez1X":359.0647963435,"Bez1Y":6.5402388829,"Bez2X":423.9574961927,"Bez2Y":202.4774270795}
{"Bez1X":360.434180955,"Bez1Y":6.9147875054,"Bez2X":423.1503942435,"Bez2Y":203.3029875301}
{"Bez1X":361.7932122926,"Bez1Y":7.2969672483,"Bez2X":422.3311542618,"Bez2Y":204.118138628}
{"Bez1X":363.1418903563,"Bez1Y":7.6867781117,"Bez2X":421.4997762475,"Bez2Y":204.9228803732}
{"Bez1X":364.4802151461,"Bez1Y":8.0842200955,"Bez2X":420.6562602006,"Bez2Y":205.7172127657}
{"Bez1X":365.808186662,"Bez1Y":8.4892931997,"Bez2X":419.8006061211,"Bez2Y":206.5011358055}
{"Bez1X":367.1258049039,"Bez1Y":8.9019974243,"Bez2X":418.932814009,"Bez2Y":207.2746494926}
{"Bez1X":368.433069872,"Bez1Y":9.3223327694,"Bez2X":418.0528838644,"Bez2Y":208.0377538271}
{"Bez1X":369.7299815661,"Bez1Y":9.7502992349,"Bez2X":417.1608156871,"Bez2Y":208.7904488088}
{"Bez1X":371.0165399864,"Bez1Y":10.1858968208,"Bez2X":416.2566094773,"Bez2Y":209.5327344378}
{"Bez1X":372.2927451327,"Bez1Y":10.6291255271,"Bez2X":415.3402652348,"Bez2Y":210.2646107141}
{"Bez1X":373.5585970051,"Bez1Y":11.0799853539,"Bez2X":414.4117829598,"Bez2Y":210.9860776378}
{"Bez1X":374.8140956036,"Bez1Y":11.5384763011,"Bez2X":413.4711626522,