{"Bez1X":229.0,"Bez1Y":0.0,"Bez2X":450.0,"Bez2Y":112.5}
{"Bez1X":230.6872215233,"Bez1Y":-0.6561254343,"Bez2X":450.4567681321,"Bez2Y":114.1485651408}
{"Bez1X":232.3686181097,"Bez1Y":-1.299912969,"Bez2X":450.89770474,"Bez2Y":115.7861884785}
{"Bez1X":234.0441897591,"Bez1Y":-1.931362604,"Bez2X":451.3228098237,"Bez2Y":117.4128700131}
{"Bez1X":235.7139364716,"Bez1Y":-2.5504743393,"Bez2X":451.7320833832,"Bez2Y":119.0286097446}
{"Bez1X":237.377858247,"Bez1Y":-3.157248175,"Bez2X":452.1255254185,"Bez2Y":120.633407673}
{"Bez1X":239.0359550856,"Bez1Y":-3.751684111,"Bez2X":452.5031359296,"Bez2Y":122.2272637982}
{"Bez1X":240.6882269871,"Bez1Y":-4.3337821473,"Bez2X":452.8649149165,"Bez2Y":123.8101781204}
{"Bez1X":242.3346739517,"Bez1Y":-4.9035422839,"Bez2X":453.2108623792,"Bez2Y":125.3821506395}
{"Bez1X":243.9752959793,"Bez1Y":-5.4609645209,"Bez2X":453.5409783177,"Bez2Y":126.9431813554}
{"Bez1X":245.61009307,"Bez1Y":-6.0060488582,"Bez2X":453.855262732,"Bez2Y":128.4932702682}
{"Bez1X":247.2390652237,"Bez1Y":-6.5387952958,"Bez2X":454.1537156221,"Bez2Y":130.032417378}
{"Bez1X":248.8622124404,"Bez1Y":-7.0592038337,"Bez2X":454.436336988,"Bez2Y":131.5606226846}
{"Bez1X":250.4795347201,"Bez1Y":-7.567274472,"Bez2X":454.7031268297,"Bez2Y":133.0778861881}
{"Bez1X":252.0910320629,"Bez1Y":-8.0630072106,"Bez2X":454.9540851471,"Bez2Y":134.5842078885}
{"Bez1X":253.6967044688,"Bez1Y":-8.5464020495,"Bez2X":455.1892119404,"Bez2Y":136.0795877858}
{"Bez1X":255.2965519376,"Bez1Y":-9.0174589888,"Bez2X":455.4085072095,"Bez2Y":137.56402588}
{"Bez1X":256.8905744695,"Bez1Y":-9.4761780284,"Bez2X":455.6119709544,"Bez2Y":139.0375221711}
{"Bez1X":258.4787720645,"Bez1Y":-9.9225591683,"Bez2X":455.7996031751,"Bez2Y":140.5000766591}
{"Bez1X":260.0611447224,"Bez1Y":-10.3566024086,"Bez2X":455.9714038716,"Bez2Y":141.951689344}
{"Bez1X":261.6376924434,"Bez1Y":-10.7783077491,"Bez2X":456.1273730438,"Bez2Y":143.3923602257}
{"Bez1X":263.2084152275,"Bez1Y":-11.18767519,"Bez2X":456.2675106919,"Bez2Y":144.8220893044}
{"Bez1X":264.7733130746,"Bez1Y":-11.5847047313,"Bez2X":456.3918168158,"Bez2Y":146.24087658}
{"Bez1X":266.3323859847,"Bez1Y":-11.9693963728,"Bez2X":456.5002914155,"Bez2Y":147.6487220524}
{"Bez1X":267.8856339578,"Bez1Y":-12.3417501147,"Bez2X":456.5929344909,"Bez2Y":149.0456257217}
{"Bez1X":269.433056994,"Bez1Y":-12.7017659569,"Bez2X":456.6697460422,"Bez2Y":150.431587588}
{"Bez1X":270.9746550932,"Bez1Y":-13.0494438995,"Bez2X":456.7307260693,"Bez2Y":151.8066076511}
{"Bez1X":272.5104282555,"Bez1Y":-13.3847839424,"Bez2X":456.7758745722,"Bez2Y":153.1706859111}
{"Bez1X":274.0403764808,"Bez1Y":-13.7077860856,"Bez2X":456.8051915508,"Bez2Y":154.523822368}
{"Bez1X":275.5644997691,"Bez1Y":-14.0184503291,"Bez2X":456.8186770053,"Bez2Y":155.8660170218}
{"Bez1X":277.0827981204,"Bez1Y":-14.3167766729,"Bez2X":456.8163309356,"Bez2Y":157.1972698725}
{"Bez1X":278.5952715348,"Bez1Y":-14.6027651171,"Bez2X":456.7981533416,"Bez2Y":158.5175809201}
{"Bez1X":280.1019200123,"Bez1Y":-14.8764156616,"Bez2X":456.7641442235,"Bez2Y":159.8269501645}
{"Bez1X":281.6027435527,"Bez1Y":-15.1377283065,"Bez2X":456.7143035812,"Bez2Y":161.1253776059}
{"Bez1X":283.0977421562,"Bez1Y":-15.3867030517,"Bez2X":456.6486314146,"Bez2Y":162.4128632442}
{"Bez1X":284.5869158228,"Bez1Y":-15.6233398972,"Bez2X":456.5671277239,"Bez2Y":163.6894070793}
{"Bez1X":286.0702645523,"Bez1Y":-15.847638843,"Bez2X":456.469792509,"Bez2Y":164.9550091114}
{"Bez1X":287.5477883449,"Bez1Y":-16.0595998891,"Bez2X":456.3566257698,"Bez2Y":166.2096693403}
{"Bez1X":289.0194872006,"Bez1Y":-16.2592230356,"Bez2X":456.2276275065,"Bez2Y":167.4533877661}
{"Bez1X":290.4853611192,"Bez1Y":-16.4465082824,"Bez2X":456.0827977189,"Bez2Y":168.6861643889}
{"Bez1X":291.9454101009,"Bez1Y":-16.6214556296,"Bez2X":455.9221364072,"Bez2Y":169.9079992085}
{"Bez1X":293.3996341457,"Bez1Y":-16.784065077,"Bez2X":455.7456435712,"Bez2Y":171.118892225}
{"Bez1X":294.8480332535,"Bez1Y":-16.9343366248,"Bez2X":455.5533192111,"Bez2Y":172.3188434384}
{"Bez1X":296.2906074243,"Bez1Y":-17.072270273,"Bez2X":455.3451633267,"Bez2Y":173.5078528487}
{"Bez1X":297.7273566581,"Bez1Y":-17.1978660214,"Bez2X":455.1211759182,"Bez2Y":174.6859204559}
{"Bez1X":299.158280955,"Bez1Y":-17.3111238702,"Bez2X":454.8813569854,"Bez2Y":175.85304626}
{"Bez1X":300.5833803149,"Bez1Y":-17.4120438193,"Bez2X":454.6257065285,"Bez2Y":177.0092302609}
{"Bez1X":302.0026547379,"Bez1Y":-17.5006258687,"Bez2X":454.3542245473,"Bez2Y":178.1544724588}
{"Bez1X":303.4161042239,"Bez1Y":-17.5768700185,"Bez2X":454.066911042,"Bez2Y":179.2887728535}
{"Bez1X":304.8237287729,"Bez1Y":-17.6407762686,"Bez2X":453.7637660124,"Bez2Y":180.4121314452}
{"Bez1X":306.225528385,"Bez1Y":-17.692344619,"Bez2X":453.4447894587,"Bez2Y":181.5245482337}
{"Bez1X":307.6215030601,"Bez1Y":-17.7315750698,"Bez2X":453.1099813807,"Bez2Y":182.6260232192}
{"Bez1X":309.0116527982,"Bez1Y":-17.7584676209,"Bez2X":452.7593417786,"Bez2Y":183.7165564015}
{"Bez1X":310.3959775994,"Bez1Y":-17.7730222723,"Bez2X":452.3928706522,"Bez2Y":184.7961477807}
{"Bez1X":311.7744774636,"Bez1Y":-17.775239024,"Bez2X":452.0105680016,"Bez2Y":185.8647973568}
{"Bez1X":313.1471523908,"Bez1Y":-17.7651178761,"Bez2X":451.6124338269,"Bez2Y":186.9225051298}
{"Bez1X":314.5140023811,"Bez1Y":-17.7426588284,"Bez2X":451.1984681279,"Bez2Y":187.9692710997}
{"Bez1X":315.8750274344,"Bez1Y":-17.7078618812,"Bez2X":450.7686709047,"Bez2Y":189.0050952665}
{"Bez1X":317.2302275507,"Bez1Y":-17.6607270342,"Bez2X":450.3230421574,"Bez2Y":190.0299776302}
{"Bez1X":318.5796027301,"Bez1Y":-17.6012542876,"Bez2X":449.8615818858,"Bez2Y":191.0439181908}
{"Bez1X":319.9231529725,"Bez1Y":-17.5294436413,"Bez2X":449.38429009,"Bez2Y":192.0469169482}
{"Bez1X":321.260878278,"Bez1Y":-17.4452950953,"Bez2X":448.8911667701,"Bez2Y":193.0389739026}
{"Bez1X":322.5927786464,"Bez1Y":-17.3488086497,"Bez2X":448.3822119259,"Bez2Y":194.0200890538}
{"Bez1X":323.918854078,"Bez1Y":-17.2399843044,"Bez2X":447.8574255575,"Bez2Y":194.990262402}
{"Bez1X":325.2391045725,"Bez1Y":-17.1188220594,"Bez2X":447.3168076649,"Bez2Y":195.949493947}
{"Bez1X":326.5535301301,"Bez1Y":-16.9853219147,"Bez2X":446.7603582482,"Bez2Y":196.8977836889}
{"Bez1X":327.8621307507,"Bez1Y":-16.8394838704,"Bez2X":446.1880773072,"Bez2Y":197.8351316278}
{"Bez1X":329.1649064344,"Bez1Y":-16.6813079264,"Bez2X":445.599964842,"Bez2Y":198.7615377635}
{"Bez1X":330.4618571811,"Bez1Y":-16.5107940828,"Bez2X":444.9960208526,"Bez2Y":199.6770020961}
{"Bez1X":331.7529829908,"Bez1Y":-16.3279423394,"Bez2X":444.376245339,"Bez2Y":200.5815246256}
{"Bez1X":333.0382838636,"Bez1Y":-16.1327526964,"Bez2X":443.7406383013,"Bez2Y":201.475105352}
{"Bez1X":334.3177597994,"Bez1Y":-15.9252251537,"Bez2X":443.0891997393,"Bez2Y":202.3577442753}
{"Bez1X":335.5914107982,"Bez1Y":-15.7053597114,"Bez2X":442.4219296531,"Bez2Y":203.2294413954}
{"Bez1X":336.8592368601,"Bez1Y":-15.4731563693,"Bez2X":441.7388280427,"Bez2Y":204.0901967125}
{"Bez1X":338.121237985,"Bez1Y":-15.2286151276,"Bez2X":441.0398949081,"Bez2Y":204.9400102265}
{"Bez1X":339.3774141729,"Bez1Y":-14.9717359863,"Bez2X":440.3251302493,"Bez2Y":205.7788819373}
{"Bez1X":340.6277654239,"Bez1Y":-14.7025189452,"Bez2X":439.5945340663,"Bez2Y":206.6068118451}
{"Bez1X":341.8722917379,"Bez1Y":-14.4209640045,"Bez2X":438.8481063592,"Bez2Y":207.4237999497}
{"Bez1X":343.110993115,"Bez1Y":-14.1270711641,"Bez2X":438.0858471278,"Bez2Y":208.2298462512}
{"Bez1X":344.343869555,"Bez1Y":-13.8208404241,"Bez2X":437.3077563722,"Bez2Y":209.0249507497}
{"Bez1X":345.5709210582,"Bez1Y":-13.5022717843,"Bez2X":436.5138340924,"Bez2Y":209.809113445}
{"Bez1X":346.7921476243,"Bez1Y":-13.1713652449,"Bez2X":435.7040802884,"Bez2Y":210.5823343372}
{"Bez1X":348.0075492535,"Bez1Y":-12.8281208058,"Bez2X":434.8784949602,"Bez2Y":211.3446134263}
{"Bez1X":349.2171259457,"Bez1Y":-12.4725384671,"Bez2X":434.0370781078,"Bez2Y":212.0959507123}
{"Bez1X":350.420877701,"Bez1Y":-12.1046182287,"Bez2X":433.1798297312,"Bez2Y":212.8363461952}
{"Bez1X":351.6188045193,"Bez1Y":-11.7243600906,"Bez2X":432.3067498304,