{"Bez1X":229.0,"Bez1Y":0.0,"Bez2X":450.0,"Bez2Y":112.5}
{"Bez1X":231.0380440534,"Bez1Y":-0.4399347001,"Bez2X":450.1773426347,"Bez2Y":114.1186623164}
{"Bez1X":233.0667195079,"Bez1Y":-0.8697152453,"Bez2X":450.341676225,"Bez2Y":115.7266848784}
{"Bez1X":235.0860263636,"Bez1Y":-1.2893416357,"Bez2X":450.4930007709,"Bez2Y":117.3240676861}
{"Bez1X":237.0959646204,"Bez1Y":-1.6988138712,"Bez2X":450.6313162723,"Bez2Y":118.9108107394}
{"Bez1X":239.0965342782,"Bez1Y":-2.0981319517,"Bez2X":450.7566227293,"Bez2Y":120.4869140383}
{"Bez1X":241.0877353372,"Bez1Y":-2.4872958775,"Bez2X":450.8689201418,"Bez2Y":122.0523775828}
{"Bez1X":243.0695677973,"Bez1Y":-2.8663056483,"Bez2X":450.96820851,"Bez2Y":123.6072013729}
{"Bez1X":245.0420316586,"Bez1Y":-3.2351612642,"Bez2X":451.0544878337,"Bez2Y":125.1513854087}
{"Bez1X":247.0051269209,"Bez1Y":-3.5938627253,"Bez2X":451.127758113,"Bez2Y":126.6849296901}
{"Bez1X":248.9588535843,"Bez1Y":-3.9424100315,"Bez2X":451.1880193478,"Bez2Y":128.2078342171}
{"Bez1X":250.9032116489,"Bez1Y":-4.2808031828,"Bez2X":451.2352715382,"Bez2Y":129.7200989898}
{"Bez1X":252.8382011146,"Bez1Y":-4.6090421792,"Bez2X":451.2695146842,"Bez2Y":131.221724008}
{"Bez1X":254.7638219814,"Bez1Y":-4.9271270207,"Bez2X":451.2907487858,"Bez2Y":132.7127092719}
{"Bez1X":256.6800742493,"Bez1Y":-5.2350577074,"Bez2X":451.2989738429,"Bez2Y":134.1930547815}
{"Bez1X":258.5869579183,"Bez1Y":-5.5328342391,"Bez2X":451.2941898556,"Bez2Y":135.6627605366}
{"Bez1X":260.4844729885,"Bez1Y":-5.820456616,"Bez2X":451.2763968239,"Bez2Y":137.1218265374}
{"Bez1X":262.3726194597,"Bez1Y":-6.097924838,"Bez2X":451.2455947477,"Bez2Y":138.5702527837}
{"Bez1X":264.2513973321,"Bez1Y":-6.3652389051,"Bez2X":451.2017836271,"Bez2Y":140.0080392758}
{"Bez1X":266.1208066056,"Bez1Y":-6.6223988174,"Bez2X":451.1449634621,"Bez2Y":141.4351860134}
{"Bez1X":267.9808472802,"Bez1Y":-6.8694045748,"Bez2X":451.0751342527,"Bez2Y":142.8516929967}
{"Bez1X":269.8315193559,"Bez1Y":-7.1062561772,"Bez2X":450.9922959988,"Bez2Y":144.2575602255}
{"Bez1X":271.6728228328,"Bez1Y":-7.3329536248,"Bez2X":450.8964487005,"Bez2Y":145.6527877}
{"Bez1X":273.5047577107,"Bez1Y":-7.5494969176,"Bez2X":450.7875923578,"Bez2Y":147.0373754202}
{"Bez1X":275.3273239898,"Bez1Y":-7.7558860554,"Bez2X":450.6657269706,"Bez2Y":148.4113233859}
{"Bez1X":277.14052167,"Bez1Y":-7.9521210383,"Bez2X":450.530852539,"Bez2Y":149.7746315973}
{"Bez1X":278.9443507513,"Bez1Y":-8.1382018664,"Bez2X":450.382969063,"Bez2Y":151.1273000543}
{"Bez1X":280.7388112337,"Bez1Y":-8.3141285396,"Bez2X":450.2220765425,"Bez2Y":152.4693287569}
{"Bez1X":282.5239031172,"Bez1Y":-8.4799010579,"Bez2X":450.0481749776,"Bez2Y":153.8007177052}
{"Bez1X":284.2996264018,"Bez1Y":-8.6355194213,"Bez2X":449.8612643683,"Bez2Y":155.1214668991}
{"Bez1X":286.0659810876,"Bez1Y":-8.7809836299,"Bez2X":449.6613447146,"Bez2Y":156.4315763386}
{"Bez1X":287.8229671745,"Bez1Y":-8.9162936836,"Bez2X":449.4484160164,"Bez2Y":157.7310460237}
{"Bez1X":289.5705846625,"Bez1Y":-9.0414495823,"Bez2X":449.2224782738,"Bez2Y":159.0198759544}
{"Bez1X":291.3088335516,"Bez1Y":-9.1564513262,"Bez2X":448.9835314868,"Bez2Y":160.2980661308}
{"Bez1X":293.0377138418,"Bez1Y":-9.2612989153,"Bez2X":448.7315756553,"Bez2Y":161.5656165528}
{"Bez1X":294.7572255331,"Bez1Y":-9.3559923494,"Bez2X":448.4666107794,"Bez2Y":162.8225272204}
{"Bez1X":296.4673686256,"Bez1Y":-9.4405316287,"Bez2X":448.1886368591,"Bez2Y":164.0687981336}
{"Bez1X":298.1681431191,"Bez1Y":-9.514916753,"Bez2X":447.8976538943,"Bez2Y":165.3044292925}
{"Bez1X":299.8595490138,"Bez1Y":-9.5791477225,"Bez2X":447.5936618852,"Bez2Y":166.529420697}
{"Bez1X":301.5415863096,"Bez1Y":-9.6332245371,"Bez2X":447.2766608315,"Bez2Y":167.7437723471}
{"Bez1X":303.2142550065,"Bez1Y":-9.6771471969,"Bez2X":446.9466507335,"Bez2Y":168.9474842428}
{"Bez1X":304.8775551045,"Bez1Y":-9.7109157017,"Bez2X":446.603631591,"Bez2Y":170.1405563842}
{"Bez1X":306.5314866037,"Bez1Y":-9.7345300517,"Bez2X":446.2476034041,"Bez2Y":171.3229887712}
{"Bez1X":308.1760495039,"Bez1Y":-9.7479902468,"Bez2X":445.8785661728,"Bez2Y":172.4947814038}
{"Bez1X":309.8112438053,"Bez1Y":-9.751296287,"Bez2X":445.496519897,"Bez2Y":173.655934282}
{"Bez1X":311.4370695078,"Bez1Y":-9.7444481723,"Bez2X":445.1014645769,"Bez2Y":174.8064474059}
{"Bez1X":313.0535266114,"Bez1Y":-9.7274459027,"Bez2X":444.6934002122,"Bez2Y":175.9463207754}
{"Bez1X":314.6606151161,"Bez1Y":-9.7002894783,"Bez2X":444.2723268032,"Bez2Y":177.0755543905}
{"Bez1X":316.2583350219,"Bez1Y":-9.662978899,"Bez2X":443.8382443497,"Bez2Y":178.1941482512}
{"Bez1X":317.8466863289,"Bez1Y":-9.6155141648,"Bez2X":443.3911528518,"Bez2Y":179.3021023575}
{"Bez1X":319.4256690369,"Bez1Y":-9.5578952757,"Bez2X":442.9310523095,"Bez2Y":180.3994167095}
{"Bez1X":320.9952831461,"Bez1Y":-9.4901222317,"Bez2X":442.4579427227,"Bez2Y":181.4860913071}
{"Bez1X":322.5555286564,"Bez1Y":-9.4121950329,"Bez2X":441.9718240915,"Bez2Y":182.5621261503}
{"Bez1X":324.1064055678,"Bez1Y":-9.3241136791,"Bez2X":441.4726964159,"Bez2Y":183.6275212392}
{"Bez1X":325.6479138803,"Bez1Y":-9.2258781705,"Bez2X":440.9605596958,"Bez2Y":184.6822765736}
{"Bez1X":327.1800535939,"Bez1Y":-9.117488507,"Bez2X":440.4354139313,"Bez2Y":185.7263921537}
{"Bez1X":328.7028247087,"Bez1Y":-8.9989446887,"Bez2X":439.8972591224,"Bez2Y":186.7598679795}
{"Bez1X":330.2162272246,"Bez1Y":-8.8702467154,"Bez2X":439.3460952691,"Bez2Y":187.7827040508}
{"Bez1X":331.7202611415,"Bez1Y":-8.7313945873,"Bez2X":438.7819223713,"Bez2Y":188.7949003678}
{"Bez1X":333.2149264596,"Bez1Y":-8.5823883042,"Bez2X":438.2047404291,"Bez2Y":189.7964569303}
{"Bez1X":334.7002231788,"Bez1Y":-8.4232278663,"Bez2X":437.6145494425,"Bez2Y":190.7873737386}
{"Bez1X":336.1761512992,"Bez1Y":-8.2539132736,"Bez2X":437.0113494114,"Bez2Y":191.7676507924}
{"Bez1X":337.6427108206,"Bez1Y":-8.0744445259,"Bez2X":436.3951403359,"Bez2Y":192.7372880919}
{"Bez1X":339.0999017432,"Bez1Y":-7.8848216233,"Bez2X":435.765922216,"Bez2Y":193.6962856369}
{"Bez1X":340.5477240668,"Bez1Y":-7.6850445659,"Bez2X":435.1236950516,"Bez2Y":194.6446434276}
{"Bez1X":341.9861777916,"Bez1Y":-7.4751133536,"Bez2X":434.4684588429,"Bez2Y":195.582361464}
{"Bez1X":343.4152629175,"Bez1Y":-7.2550279864,"Bez2X":433.8002135897,"Bez2Y":196.5094397459}
{"Bez1X":344.8349794446,"Bez1Y":-7.0247884643,"Bez2X":433.118959292,"Bez2Y":197.4258782735}
{"Bez1X":346.2453273727,"Bez1Y":-6.7843947874,"Bez2X":432.4246959499,"Bez2Y":198.3316770467}
{"Bez1X":347.6463067019,"Bez1Y":-6.5338469555,"Bez2X":431.7174235634,"Bez2Y":199.2268360655}
{"Bez1X":349.0379174323,"Bez1Y":-6.2731449688,"Bez2X":430.9971421325,"Bez2Y":200.11135533}
{"Bez1X":350.4201595638,"Bez1Y":-6.0022888272,"Bez2X":430.2638516572,"Bez2Y":200.9852348401}
{"Bez1X":351.7930330964,"Bez1Y":-5.7212785308,"Bez2X":429.5175521374,"Bez2Y":201.8484745958}
{"Bez1X":353.1565380301,"Bez1Y":-5.4301140794,"Bez2X":428.7582435731,"Bez2Y":202.7010745971}
{"Bez1X":354.5106743649,"Bez1Y":-5.1287954731,"Bez2X":427.9859259645,"Bez2Y":203.543034844}
{"Bez1X":355.8554421008,"Bez1Y":-4.817322712,"Bez2X":427.2005993114,"Bez2Y":204.3743553366}
{"Bez1X":357.1908412379,"Bez1Y":-4.495695796,"Bez2X":426.4022636139,"Bez2Y":205.1950360748}
{"Bez1X":358.5168717761,"Bez1Y":-4.1639147251,"Bez2X":425.590918872,"Bez2Y":206.0050770586}
{"Bez1X":359.8335337154,"Bez1Y":-3.8219794994,"Bez2X":424.7665650856,"Bez2Y":206.8044782881}
{"Bez1X":361.1408270558,"Bez1Y":-3.4698901187,"Bez2X":423.9292022548,"Bez2Y":207.5932397631}
{"Bez1X":362.4387517973,"Bez1Y":-3.1076465832,"Bez2X":423.0788303796,"Bez2Y":208.3713614838}
{"Bez1X":363.7273079399,"Bez1Y":-2.7352488927,"Bez2X":422.2154494599,"Bez2Y":209.1388434501}
{"Bez1X":365.0064954836,"Bez1Y":-2.3526970475,"Bez2X":421.3390594958,"Bez2Y":209.8956856621}
{"Bez1X":366.2763144285,"Bez1Y":-1.9599910473,"Bez2X":420.4496604873,"Bez2Y":210.6418881196}
{"Bez1X":367.5367647745,"Bez1Y":-1.5571308922,"Bez2X":419.5472524344,"Bez2Y":211.3774508228}
{"Bez1X":368.7878465216,"Bez1Y":-1.1441165823,"Bez2X":418.631835337,"Bez2Y":212.1023737716}
{"Bez1X":370.0295596698,"Bez1Y":-0.7209481174,"Bez2X":417.7034091952,