{"Bez1X":229.0,"Bez1Y":0.0,"Bez2X":450.0,"Bez2Y":112.5}
{"Bez1X":231.5455165274,"Bez1Y":0.4478296003,"Bez2X":449.3987267647,"Bez2Y":113.7303300442}
{"Bez1X":234.0765384713,"Bez1Y":0.8968460392,"Bez2X":448.7923092917,"Bez2Y":114.9539428822}
{"Bez1X":236.5930658317,"Bez1Y":1.3470493169,"Bez2X":448.180747581,"Bez2Y":116.170838514}
{"Bez1X":239.0950986086,"Bez1Y":1.7984394333,"Bez2X":447.5640416327,"Bez2Y":117.3810169397}
{"Bez1X":241.5826368021,"Bez1Y":2.2510163885,"Bez2X":446.9421914467,"Bez2Y":118.5844781592}
{"Bez1X":244.0556804121,"Bez1Y":2.7047801823,"Bez2X":446.3151970231,"Bez2Y":119.7812221725}
{"Bez1X":246.5142294387,"Bez1Y":3.1597308149,"Bez2X":445.6830583618,"Bez2Y":120.9712489797}
{"Bez1X":248.9582838817,"Bez1Y":3.6158682862,"Bez2X":445.0457754629,"Bez2Y":122.1545585806}
{"Bez1X":251.3878437413,"Bez1Y":4.0731925961,"Bez2X":444.4033483262,"Bez2Y":123.3311509754}
{"Bez1X":253.8029090174,"Bez1Y":4.5317037449,"Bez2X":443.755776952,"Bez2Y":124.5010261641}
{"Bez1X":256.2034797101,"Bez1Y":4.9914017323,"Bez2X":443.10306134,"Bez2Y":125.6641841465}
{"Bez1X":258.5895558193,"Bez1Y":5.4522865584,"Bez2X":442.4452014904,"Bez2Y":126.8206249228}
{"Bez1X":260.961137345,"Bez1Y":5.9143582233,"Bez2X":441.7821974031,"Bez2Y":127.9703484929}
{"Bez1X":263.3182242873,"Bez1Y":6.3776167269,"Bez2X":441.1140490782,"Bez2Y":129.1133548569}
{"Bez1X":265.660816646,"Bez1Y":6.8420620691,"Bez2X":440.4407565156,"Bez2Y":130.2496440147}
{"Bez1X":267.9889144214,"Bez1Y":7.3076942501,"Bez2X":439.7623197154,"Bez2Y":131.3792159663}
{"Bez1X":270.3025176132,"Bez1Y":7.7745132699,"Bez2X":439.0787386775,"Bez2Y":132.5020707117}
{"Bez1X":272.6016262216,"Bez1Y":8.2425191283,"Bez2X":438.3900134019,"Bez2Y":133.6182082509}
{"Bez1X":274.8862402465,"Bez1Y":8.7117118255,"Bez2X":437.6961438887,"Bez2Y":134.727628584}
{"Bez1X":277.1563596879,"Bez1Y":9.1820913613,"Bez2X":436.9971301378,"Bez2Y":135.8303317109}
{"Bez1X":279.4119845458,"Bez1Y":9.6536577359,"Bez2X":436.2929721492,"Bez2Y":136.9263176317}
{"Bez1X":281.6531148203,"Bez1Y":10.1264109492,"Bez2X":435.583669923,"Bez2Y":138.0155863463}
{"Bez1X":283.8797505114,"Bez1Y":10.6003510012,"Bez2X":434.8692234591,"Bez2Y":139.0981378547}
{"Bez1X":286.0918916189,"Bez1Y":11.075477892,"Bez2X":434.1496327576,"Bez2Y":140.1739721569}
{"Bez1X":288.289538143,"Bez1Y":11.5517916214,"Bez2X":433.4248978183,"Bez2Y":141.2430892529}
{"Bez1X":290.4726900836,"Bez1Y":12.0292921896,"Bez2X":432.6950186415,"Bez2Y":142.3054891428}
{"Bez1X":292.6413474407,"Bez1Y":12.5079795965,"Bez2X":431.959995227,"Bez2Y":143.3611718265}
{"Bez1X":294.7955102144,"Bez1Y":12.9878538421,"Bez2X":431.2198275748,"Bez2Y":144.4101373041}
{"Bez1X":296.9351784046,"Bez1Y":13.4689149264,"Bez2X":430.4745156849,"Bez2Y":145.4523855754}
{"Bez1X":299.0603520113,"Bez1Y":13.9511628494,"Bez2X":429.7240595574,"Bez2Y":146.4879166406}
{"Bez1X":301.1710310346,"Bez1Y":14.4345976112,"Bez2X":428.9684591922,"Bez2Y":147.5167304997}
{"Bez1X":303.2672154744,"Bez1Y":14.9192192116,"Bez2X":428.2077145894,"Bez2Y":148.5388271525}
{"Bez1X":305.3489053307,"Bez1Y":15.4050276508,"Bez2X":427.4418257489,"Bez2Y":149.5542065992}
{"Bez1X":307.4161006035,"Bez1Y":15.8920229287,"Bez2X":426.6707926707,"Bez2Y":150.5628688397}
{"Bez1X":309.4688012929,"Bez1Y":16.3802050453,"Bez2X":425.8946153549,"Bez2Y":151.564813874}
{"Bez1X":311.5070073988,"Bez1Y":16.8695740007,"Bez2X":425.1132938014,"Bez2Y":152.5600417022}
{"Bez1X":313.5307189212,"Bez1Y":17.3601297947,"Bez2X":424.3268280103,"Bez2Y":153.5485523242}
{"Bez1X":315.5399358602,"Bez1Y":17.8518724275,"Bez2X":423.5352179815,"Bez2Y":154.53034574}
{"Bez1X":317.5346582157,"Bez1Y":18.3448018989,"Bez2X":422.738463715,"Bez2Y":155.5054219497}
{"Bez1X":319.5148859877,"Bez1Y":18.8389182091,"Bez2X":421.9365652109,"Bez2Y":156.4737809532}
{"Bez1X":321.4806191763,"Bez1Y":19.334221358,"Bez2X":421.1295224691,"Bez2Y":157.4354227505}
{"Bez1X":323.4318577814,"Bez1Y":19.8307113457,"Bez2X":420.3173354897,"Bez2Y":158.3903473416}
{"Bez1X":325.368601803,"Bez1Y":20.328388172,"Bez2X":419.5000042725,"Bez2Y":159.3385547266}
{"Bez1X":327.2908512411,"Bez1Y":20.8272518371,"Bez2X":418.6775288178,"Bez2Y":160.2800449053}
{"Bez1X":329.1986060958,"Bez1Y":21.3273023408,"Bez2X":417.8499091253,"Bez2Y":161.214817878}
{"Bez1X":331.091866367,"Bez1Y":21.8285396833,"Bez2X":417.0171451952,"Bez2Y":162.1428736444}
{"Bez1X":332.9706320547,"Bez1Y":22.3309638645,"Bez2X":416.1792370275,"Bez2Y":163.0642122047}
{"Bez1X":334.834903159,"Bez1Y":22.8345748845,"Bez2X":415.3361846221,"Bez2Y":163.9788335588}
{"Bez1X":336.6846796798,"Bez1Y":23.3393727431,"Bez2X":414.487987979,"Bez2Y":164.8867377067}
{"Bez1X":338.5199616171,"Bez1Y":23.8453574405,"Bez2X":413.6346470982,"Bez2Y":165.7879246485}
{"Bez1X":340.340748971,"Bez1Y":24.3525289765,"Bez2X":412.7761619798,"Bez2Y":166.6823943841}
{"Bez1X":342.1470417414,"Bez1Y":24.8608873513,"Bez2X":411.9125326238,"Bez2Y":167.5701469135}
{"Bez1X":343.9388399283,"Bez1Y":25.3704325648,"Bez2X":411.04375903,"Bez2Y":168.4511822367}
{"Bez1X":345.7161435317,"Bez1Y":25.8811646171,"Bez2X":410.1698411987,"Bez2Y":169.3255003538}
{"Bez1X":347.4789525517,"Bez1Y":26.393083508,"Bez2X":409.2907791296,"Bez2Y":170.1931012647}
{"Bez1X":349.2272669882,"Bez1Y":26.9061892376,"Bez2X":408.4065728229,"Bez2Y":171.0539849694}
{"Bez1X":350.9610868412,"Bez1Y":27.420481806,"Bez2X":407.5172222785,"Bez2Y":171.908151468}
{"Bez1X":352.6804121108,"Bez1Y":27.9359612131,"Bez2X":406.6227274965,"Bez2Y":172.7556007604}
{"Bez1X":354.3852427969,"Bez1Y":28.4526274589,"Bez2X":405.7230884768,"Bez2Y":173.5963328466}
{"Bez1X":356.0755788995,"Bez1Y":28.9704805434,"Bez2X":404.8183052194,"Bez2Y":174.4303477266}
{"Bez1X":357.7514204187,"Bez1Y":29.4895204667,"Bez2X":403.9083777244,"Bez2Y":175.2576454005}
{"Bez1X":359.4127673544,"Bez1Y":30.0097472286,"Bez2X":402.9933059917,"Bez2Y":176.0782258682}
{"Bez1X":361.0596197066,"Bez1Y":30.5311608293,"Bez2X":402.0730900214,"Bez2Y":176.8920891297}
{"Bez1X":362.6919774753,"Bez1Y":31.0537612687,"Bez2X":401.1477298134,"Bez2Y":177.6992351851}
{"Bez1X":364.3098406606,"Bez1Y":31.5775485468,"Bez2X":400.2172253677,"Bez2Y":178.4996640342}
{"Bez1X":365.9132092624,"Bez1Y":32.1025226636,"Bez2X":399.2815766844,"Bez2Y":179.2933756772}
{"Bez1X":367.5020832807,"Bez1Y":32.6286836191,"Bez2X":398.3407837634,"Bez2Y":180.0803701141}
{"Bez1X":369.0764627156,"Bez1Y":33.1560314133,"Bez2X":397.3948466048,"Bez2Y":180.8606473447}
{"Bez1X":370.636347567,"Bez1Y":33.6845660463,"Bez2X":396.4437652084,"Bez2Y":181.6342073692}
{"Bez1X":372.1817378349,"Bez1Y":34.214287518,"Bez2X":395.4875395745,"Bez2Y":182.4010501876}
{"Bez1X":373.7126335194,"Bez1Y":34.7451958284,"Bez2X":394.5261697028,"Bez2Y":183.1611757997}
{"Bez1X":375.2290346203,"Bez1Y":35.2772909775,"Bez2X":393.5596555935,"Bez2Y":183.9145842057}
{"Bez1X":376.7309411379,"Bez1Y":35.8105729653,"Bez2X":392.5879972466,"Bez2Y":184.6612754055}
{"Bez1X":378.2183530719,"Bez1Y":36.3450417919,"Bez2X":391.611194662,"Bez2Y":185.4012493991}
{"Bez1X":379.6912704225,"Bez1Y":36.8806974571,"Bez2X":390.6292478397,"Bez2Y":186.1345061866}
{"Bez1X":381.1496931896,"Bez1Y":37.4175399611,"Bez2X":389.6421567797,"Bez2Y":186.8610457679}
{"Bez1X":382.5936213732,"Bez1Y":37.9555693038,"Bez2X":388.6499214821,"Bez2Y":187.580868143}
{"Bez1X":384.0230549734,"Bez1Y":38.4947854852,"Bez2X":387.6525419469,"Bez2Y":188.2939733119}
{"Bez1X":385.4379939901,"Bez1Y":39.0351885053,"Bez2X":386.6500181739,"Bez2Y":189.0003612747}
{"Bez1X":386.8384384233,"Bez1Y":39.5767783642,"Bez2X":385.6423501634,"Bez2Y":189.7000320313}
{"Bez1X":388.224388273,"Bez1Y":40.1195550617,"Bez2X":384.6295379151,"Bez2Y":190.3929855818}
{"Bez1X":389.5958435393,"Bez1Y":40.663518598,"Bez2X":383.6115814292,"Bez2Y":191.079221926}
{"Bez1X":390.9528042221,"Bez1Y":41.208668973,"Bez2X":382.5884807056,"Bez2Y":191.7587410641}
{"Bez1X":392.2952703215,"Bez1Y":41.7550061867,"Bez2X":381.5602357444,"Bez2Y":192.431542996}
{"Bez1X":393.6232418373,"Bez1Y":42.3025302391,"Bez2X":380.5268465455,"Bez2Y":193.0976277218}
{"Bez1X":394.9367187697,"Bez1Y":42.8512411303,"Bez2X":379.4883131089,